,ID,Team,Conference,Season,GP,Wins,Losses,Points,FGM,FGA,TPM,TPA,NCAA
0,2,Adelphi,NE10,2008-09,26,18,8,1753,609,1354,153,451,0
1,2,Adelphi,NE10,2009-10,34,23,11,2400,810,1980,215,691,0
2,2,Adelphi,NE10,2010-11,31,20,11,2092,729,1735,176,530,1
3,2,Adelphi,NE10,2011-12,29,20,9,1823,641,1507,168,518,1
4,2,Adelphi,NE10,2012-13,29,14,15,1761,629,1545,148,436,0
5,2,Adelphi,NE10,2013-14,26,5,21,1558,569,1411,127,407,0
6,2,Adelphi,NE10,2014-15,26,6,20,1853,651,1499,208,593,0
7,2,Adelphi,NE10,2015-16,29,20,9,2315,793,1738,344,920,0
8,2,Adelphi,NE10,2016-17,30,18,12,2595,908,1807,316,850,0
9,2,Adelphi,NE10,2017-18,29,11,18,2484,859,1821,345,960,0
10,2,Adelphi,NE10,2018-19,29,19,10,2369,848,1700,324,803,0
11,3,American Int'l,NE10,2008-09,28,15,13,1845,652,1584,109,408,0
12,3,American Int'l,NE10,2009-10,28,14,14,1918,662,1591,174,549,0
13,3,American Int'l,NE10,2010-11,30,21,9,2101,756,1729,178,499,1
14,3,American Int'l,NE10,2011-12,26,8,18,1543,563,1359,178,472,0
15,3,American Int'l,NE10,2012-13,26,9,17,1679,602,1502,221,614,0
16,3,American Int'l,NE10,2013-14,27,9,18,1751,646,1555,209,641,0
17,3,American Int'l,NE10,2014-15,31,24,7,2402,865,1890,247,679,1
18,3,American Int'l,NE10,2015-16,27,11,16,1999,670,1597,214,621,0
19,3,American Int'l,NE10,2016-17,28,11,17,2038,678,1570,222,596,0
20,3,American Int'l,NE10,2017-18,28,11,17,1833,649,1586,176,578,0
21,3,American Int'l,NE10,2018-19,28,11,17,1968,721,1675,212,639,0
22,8,Assumption,NE10,2008-09,33,23,10,2474,914,2020,234,630,1
23,8,Assumption,NE10,2009-10,29,14,15,2168,795,1854,148,465,0
24,8,Assumption,NE10,2010-11,30,13,17,2223,786,1936,223,696,0
25,8,Assumption,NE10,2011-12,28,14,14,1880,677,1507,199,545,0
26,8,Assumption,NE10,2012-13,30,22,8,2014,729,1612,172,480,1
27,8,Assumption,NE10,2013-14,26,7,19,1666,605,1563,137,494,0
28,8,Assumption,NE10,2014-15,27,8,19,1832,672,1562,100,331,0
29,8,Assumption,NE10,2015-16,26,6,20,1918,668,1554,279,713,0
30,8,Assumption,NE10,2016-17,28,7,21,2012,756,1673,219,564,0
31,8,Assumption,NE10,2017-18,27,7,20,1817,641,1463,242,664,0
32,8,Assumption,NE10,2018-19,28,8,20,1874,701,1575,221,644,0
33,9,Bentley,NE10,2008-09,33,26,7,2627,924,1971,281,756,1
34,9,Bentley,NE10,2009-10,33,26,7,2395,861,1996,241,754,1
35,9,Bentley,NE10,2010-11,33,25,8,2325,799,1858,279,793,1
36,9,Bentley,NE10,2011-12,28,16,12,1990,679,1616,303,793,0
37,9,Bentley,NE10,2012-13,26,11,15,1722,622,1512,198,587,0
38,9,Bentley,NE10,2013-14,29,18,11,2365,834,1770,294,733,0
39,9,Bentley,NE10,2014-15,29,17,12,2318,810,1723,276,730,0
40,9,Bentley,NE10,2015-16,30,21,9,2500,891,1886,319,817,1
41,9,Bentley,NE10,2016-17,27,14,13,2201,772,1692,242,618,0
42,9,Bentley,NE10,2017-18,28,16,12,2235,822,1731,241,615,0
43,9,Bentley,NE10,2018-19,29,19,10,2309,811,1728,253,644,0
44,20,Bloomfield,CACC,2008-09,27,21,9,2166,781,1781,173,487,0
45,20,Bloomfield,CACC,2009-10,27,19,9,2251,813,1879,176,572,0
46,20,Bloomfield,CACC,2010-11,33,23,10,2856,1013,2233,277,726,1
47,20,Bloomfield,CACC,2011-12,33,26,8,2481,923,2196,183,611,1
48,20,Bloomfield,CACC,2012-13,30,17,13,2240,793,1961,208,652,1
49,20,Bloomfield,CACC,2013-14,30,21,9,2338,827,1916,215,653,1
50,20,Bloomfield,CACC,2014-15,27,11,16,2125,781,1762,162,508,0
51,20,Bloomfield,CACC,2015-16,28,15,13,2165,758,1689,160,430,0
52,20,Bloomfield,CACC,2016-17,32,22,10,2572,921,2113,199,583,1
53,20,Bloomfield,CACC,2017-18,32,24,8,2707,965,2159,257,678,1
54,20,Bloomfield,CACC,2018-19,31,21,10,2626,971,2172,284,820,0
55,32,Bridgeport,ECC,2008-09,26,18,8,1977,727,1552,187,481,1
56,32,Bridgeport,ECC,2009-10,31,21,10,2430,926,1948,188,546,1
57,32,Bridgeport,ECC,2010-11,27,18,9,2068,772,1676,207,533,0
58,32,Bridgeport,ECC,2011-12,29,19,10,2199,812,1839,139,520,0
59,32,Bridgeport,ECC,2012-13,33,23,10,2390,867,1981,211,615,1
60,32,Bridgeport,ECC,2013-14,29,18,11,2371,852,1831,223,640,1
61,32,Bridgeport,ECC,2014-15,31,24,7,2512,881,1885,270,657,1
62,32,Bridgeport,ECC,2015-16,31,15,16,2485,885,1966,265,733,0
63,32,Bridgeport,ECC,2016-17,30,18,12,2512,926,1943,226,631,0
64,32,Bridgeport,ECC,2017-18,31,25,6,2731,1004,2221,289,743,1
65,32,Bridgeport,ECC,2018-19,31,18,13,2799,1026,2254,276,798,0
66,18,Caldwell,CACC,2008-09,31,14,17,2216,785,1731,163,522,0
67,18,Caldwell,CACC,2009-10,26,5,22,1639,609,1443,107,373,0
68,18,Caldwell,CACC,2010-11,26,11,16,1812,630,1495,102,323,0
69,18,Caldwell,CACC,2011-12,26,14,12,1947,708,1486,142,406,0
70,18,Caldwell,CACC,2012-13,27,8,19,1908,693,1535,125,397,0
71,18,Caldwell,CACC,2013-14,29,17,12,2221,762,1645,132,427,0
72,18,Caldwell,CACC,2014-15,28,15,13,2087,719,1552,152,421,0
73,18,Caldwell,CACC,2015-16,26,9,17,1791,644,1534,165,492,0
74,18,Caldwell,CACC,2016-17,29,17,12,2190,734,1711,233,685,0
75,18,Caldwell,CACC,2017-18,29,16,13,2141,754,1659,183,532,0
76,18,Caldwell,CACC,2018-19,29,17,12,2119,750,1695,167,532,0
77,28,Chestnut Hill,CACC,2008-09,27,7,20,1866,655,1658,182,518,0
78,28,Chestnut Hill,CACC,2009-10,25,9,16,1798,638,1523,150,461,0
79,28,Chestnut Hill,CACC,2010-11,30,12,18,2120,735,1757,172,560,0
80,28,Chestnut Hill,CACC,2011-12,30,18,12,2181,746,1720,176,469,0
81,28,Chestnut Hill,CACC,2012-13,27,12,15,2012,704,1679,168,504,0
82,28,Chestnut Hill,CACC,2013-14,27,10,17,1803,632,1548,127,411,0
83,28,Chestnut Hill,CACC,2014-15,26,6,20,1854,631,1538,175,513,0
84,28,Chestnut Hill,CACC,2015-16,28,13,15,2042,707,1652,190,554,0
85,28,Chestnut Hill,CACC,2016-17,26,5,21,1754,616,1575,152,494,0
86,28,Chestnut Hill,CACC,2017-18,26,5,21,1875,667,1525,183,528,0
87,28,Chestnut Hill,CACC,2018-19,28,3,25,1956,712,1700,161,519,0
88,21,Concordia (N.Y.),CACC,2008-09,0,0,0,0,0,0,0,0,0
89,21,Concordia (N.Y.),CACC,2009-10,25,7,18,1726,672,1548,96,338,0
90,21,Concordia (N.Y.),CACC,2010-11,27,9,18,2081,772,1735,168,478,0
91,21,Concordia (N.Y.),CACC,2011-12,27,12,15,2072,744,1772,182,523,0
92,21,Concordia (N.Y.),CACC,2012-13,28,13,15,2198,785,1762,190,489,0
93,21,Concordia (N.Y.),CACC,2013-14,25,5,20,1761,663,1672,135,448,0
94,21,Concordia (N.Y.),CACC,2014-15,28,11,17,2040,773,1830,177,544,0
95,21,Concordia (N.Y.),CACC,2015-16,29,13,16,2302,824,1904,260,715,0
96,21,Concordia (N.Y.),CACC,2016-17,28,10,18,2155,766,1823,216,635,0
97,21,Concordia (N.Y.),CACC,2017-18,28,12,16,2145,780,1794,221,677,0
98,21,Concordia (N.Y.),CACC,2018-19,28,9,19,2066,753,1832,228,707,0
99,30,Daemen,ECC,2008-09,0,0,0,0,0,0,0,0,0
100,30,Daemen,ECC,2009-10,0,0,0,0,0,0,0,0,0
101,30,Daemen,ECC,2010-11,0,0,0,0,0,0,0,0,0
102,30,Daemen,ECC,2011-12,0,0,0,0,0,0,0,0,0
103,30,Daemen,ECC,2012-13,0,0,0,0,0,0,0,0,0
104,30,Daemen,ECC,2013-14,29,21,8,2420,868,1837,163,511,0
105,30,Daemen,ECC,2014-15,31,21,10,2473,867,1836,250,674,0
106,30,Daemen,ECC,2015-16,31,20,11,2631,887,1942,255,676,0
107,30,Daemen,ECC,2016-17,30,19,11,2264,804,1822,260,713,0
108,30,Daemen,ECC,2017-18,30,22,8,2300,846,1778,230,634,0
109,30,Daemen,ECC,2018-19,30,24,6,2455,872,1849,255,659,1
110,38,Dist. Columbia,ECC,2008-09,0,0,0,0,0,0,0,0,0
111,38,Dist. Columbia,ECC,2009-10,0,0,0,0,0,0,0,0,0
112,38,Dist. Columbia,ECC,2010-11,0,0,0,0,0,0,0,0,0
113,38,Dist. Columbia,ECC,2011-12,28,22,6,2289,817,1838,207,569,1
114,38,Dist. Columbia,ECC,2012-13,26,6,20,1849,658,1589,189,561,0
115,38,Dist. Columbia,ECC,2013-14,26,3,23,1721,621,1544,172,488,0
116,38,Dist. Columbia,ECC,2014-15,28,5,23,2137,755,1810,240,684,0
117,38,Dist. Columbia,ECC,2015-16,29,15,14,2418,856,1849,204,570,0
118,38,Dist. Columbia,ECC,2016-17,27,14,13,2158,751,1683,211,590,0
119,38,Dist. Columbia,ECC,2017-18,27,7,20,2013,735,1689,143,475,0
120,38,Dist. Columbia,ECC,2018-19,29,15,14,2228,796,1878,251,719,0
121,16,Dominican (N.Y.),CACC,2008-09,32,14,19,2314,819,1855,156,473,0
122,16,Dominican (N.Y.),CACC,2009-10,34,15,19,2205,815,1860,183,535,0
123,16,Dominican (N.Y.),CACC,2010-11,31,17,14,2244,796,1752,189,546,0
124,16,Dominican (N.Y.),CACC,2011-12,28,19,9,1997,741,1686,156,463,0
125,16,Dominican (N.Y.),CACC,2012-13,29,22,7,2151,775,1720,160,477,1
126,16,Dominican (N.Y.),CACC,2013-14,28,18,10,2227,798,1677,153,449,0
127,16,Dominican (N.Y.),CACC,2014-15,27,14,13,2012,725,1452,141,409,0
128,16,Dominican (N.Y.),CACC,2015-16,29,10,19,1915,680,1566,155,471,0
129,16,Dominican (N.Y.),CACC,2016-17,31,19,12,2240,811,1903,190,608,0
130,16,Dominican (N.Y.),CACC,2017-18,31,21,10,2224,796,1897,180,551,0
131,16,Dominican (N.Y.),CACC,2018-19,32,24,8,2573,919,2018,251,661,1
132,17,Felician,CACC,2008-09,29,19,11,2154,793,1795,143,461,0
133,17,Felician,CACC,2009-10,31,24,7,2389,895,1811,160,434,1
134,17,Felician,CACC,2010-11,27,14,13,1924,704,1565,139,426,0
135,17,Felician,CACC,2011-12,26,7,19,1686,623,1612,140,477,0
136,17,Felician,CACC,2012-13,27,12,15,2063,768,1757,167,496,0
137,17,Felician,CACC,2013-14,26,6,20,1958,721,1668,144,430,0
138,17,Felician,CACC,2014-15,25,6,19,1760,669,1546,139,439,0
139,17,Felician,CACC,2015-16,25,9,16,1610,604,1446,162,471,0
140,17,Felician,CACC,2016-17,27,10,17,1966,693,1676,217,634,0
141,17,Felician,CACC,2017-18,28,12,16,2176,769,1755,254,637,0
142,17,Felician,CACC,2018-19,27,14,13,2244,813,1862,236,669,0
143,10,Franklin Pierce,NE10,2008-09,28,11,17,1793,611,1556,197,596,0
144,10,Franklin Pierce,NE10,2009-10,27,12,15,1947,694,1669,190,627,0
145,10,Franklin Pierce,NE10,2010-11,27,6,21,1835,627,1661,221,647,0
146,10,Franklin Pierce,NE10,2011-12,30,22,8,2124,763,1703,218,569,1
147,10,Franklin Pierce,NE10,2012-13,33,24,9,2399,872,1914,211,628,1
148,10,Franklin Pierce,NE10,2013-14,29,21,8,2315,815,1794,251,672,1
149,10,Franklin Pierce,NE10,2014-15,28,15,13,2108,757,1717,293,794,0
150,10,Franklin Pierce,NE10,2015-16,28,16,12,2115,748,1691,262,702,0
151,10,Franklin Pierce,NE10,2016-17,28,15,13,2250,829,1744,235,631,0
152,10,Franklin Pierce,NE10,2017-18,26,14,12,2047,750,1618,217,596,0
153,10,Franklin Pierce,NE10,2018-19,29,15,14,2339,828,1878,311,864,0
154,29,Georgian Court,CACC,2008-09,0,0,0,0,0,0,0,0,0
155,29,Georgian Court,CACC,2009-10,0,0,0,0,0,0,0,0,0
156,29,Georgian Court,CACC,2010-11,0,0,0,0,0,0,0,0,0
157,29,Georgian Court,CACC,2011-12,0,0,0,0,0,0,0,0,0
158,29,Georgian Court,CACC,2012-13,0,0,0,0,0,0,0,0,0
159,29,Georgian Court,CACC,2013-14,26,2,24,1785,639,1555,130,488,0
160,29,Georgian Court,CACC,2014-15,26,5,21,1733,606,1520,123,417,0
161,29,Georgian Court,CACC,2015-16,26,5,21,1735,619,1476,150,477,0
162,29,Georgian Court,CACC,2016-17,28,1,27,1723,635,1577,162,551,0
163,29,Georgian Court,CACC,2017-18,27,5,22,1844,661,1593,139,506,0
164,29,Georgian Court,CACC,2018-19,28,4,24,1925,705,1700,180,581,0
165,27,Goldey-Beacom,CACC,2008-09,25,10,15,1643,596,1378,123,363,0
166,27,Goldey-Beacom,CACC,2009-10,28,18,10,2117,744,1567,174,464,0
167,27,Goldey-Beacom,CACC,2010-11,29,18,12,2138,725,1675,207,566,0
168,27,Goldey-Beacom,CACC,2011-12,29,18,11,2072,747,1686,164,474,0
169,27,Goldey-Beacom,CACC,2012-13,26,8,18,1821,657,1621,154,532,0
170,27,Goldey-Beacom,CACC,2013-14,25,9,16,1677,596,1462,154,443,0
171,27,Goldey-Beacom,CACC,2014-15,28,8,20,1879,664,1601,169,532,0
172,27,Goldey-Beacom,CACC,2015-16,28,10,18,1989,710,1631,185,528,0
173,27,Goldey-Beacom,CACC,2016-17,27,20,7,2196,808,1633,200,556,0
174,27,Goldey-Beacom,CACC,2017-18,30,20,10,2342,803,1852,246,660,0
175,27,Goldey-Beacom,CACC,2018-19,30,15,15,2424,854,1902,260,712,0
176,25,Holy Family,CACC,2008-09,24,6,18,1617,587,1436,121,366,0
177,25,Holy Family,CACC,2009-10,17,1,17,1122,436,987,82,265,0
178,25,Holy Family,CACC,2010-11,27,6,21,1853,626,1589,189,591,0
179,25,Holy Family,CACC,2011-12,26,12,14,1823,630,1439,198,561,0
180,25,Holy Family,CACC,2012-13,27,18,9,1877,645,1564,199,605,0
181,25,Holy Family,CACC,2013-14,30,21,9,2175,741,1774,287,834,0
182,25,Holy Family,CACC,2014-15,30,22,8,2295,787,1800,305,914,0
183,25,Holy Family,CACC,2015-16,32,26,6,2472,850,2081,327,1093,1
184,25,Holy Family,CACC,2016-17,28,11,17,2165,753,1814,248,842,0
185,25,Holy Family,CACC,2017-18,27,4,23,1866,633,1673,261,824,0
186,25,Holy Family,CACC,2018-19,27,14,13,2088,751,1706,210,674,0
187,24,Jefferson,CACC,2008-09,25,20,6,1652,570,1248,153,443,1
188,24,Jefferson,CACC,2009-10,27,30,9,1900,672,1489,176,509,1
189,24,Jefferson,CACC,2010-11,21,16,12,1364,499,1058,107,314,0
190,24,Jefferson,CACC,2011-12,29,19,10,2009,724,1548,200,521,1
191,24,Jefferson,CACC,2012-13,29,19,10,2017,714,1631,184,576,0
192,24,Jefferson,CACC,2013-14,32,25,7,2342,833,1764,205,565,1
193,24,Jefferson,CACC,2014-15,32,24,8,2293,832,1754,204,574,1
194,24,Jefferson,CACC,2015-16,32,23,9,2279,818,1773,164,467,1
195,24,Jefferson,CACC,2016-17,30,21,9,2232,776,1733,283,747,0
196,24,Jefferson,CACC,2017-18,35,21,14,2530,876,1936,301,847,1
197,24,Jefferson,CACC,2018-19,30,22,8,2292,817,1722,212,568,0
198,4,Le Moyne,NE10,2008-09,31,20,11,2215,837,1735,199,566,0
199,4,Le Moyne,NE10,2009-10,28,18,10,2075,769,1525,137,397,0
200,4,Le Moyne,NE10,2010-11,29,12,16,1839,676,1516,165,491,0
201,4,Le Moyne,NE10,2011-12,23,12,11,1569,579,1256,173,454,0
202,4,Le Moyne,NE10,2012-13,27,13,14,1767,667,1457,173,491,0
203,4,Le Moyne,NE10,2013-14,29,17,12,2072,741,1526,174,501,1
204,4,Le Moyne,NE10,2014-15,29,16,13,1939,700,1518,157,459,0
205,4,Le Moyne,NE10,2015-16,27,10,17,1827,657,1495,220,635,0
206,4,Le Moyne,NE10,2016-17,29,22,7,2135,767,1621,266,696,1
207,4,Le Moyne,NE10,2017-18,34,27,7,2478,914,1871,281,766,1
208,4,Le Moyne,NE10,2018-19,28,18,10,1979,709,1570,234,684,1
209,34,LIU Post,ECC,2008-09,23,23,0,2072,726,1418,214,512,1
210,34,LIU Post,ECC,2009-10,26,22,4,2113,806,1583,143,452,0
211,34,LIU Post,ECC,2010-11,33,23,10,2593,915,1979,258,683,1
212,34,LIU Post,ECC,2011-12,29,23,6,2420,845,1860,186,521,1
213,34,LIU Post,ECC,2012-13,27,18,9,2110,753,1600,154,422,0
214,34,LIU Post,ECC,2013-14,29,17,12,2308,819,1918,156,519,0
215,34,LIU Post,ECC,2014-15,30,17,13,2178,784,1797,156,494,0
216,34,LIU Post,ECC,2015-16,30,18,12,2303,809,1921,194,549,0
217,34,LIU Post,ECC,2016-17,28,10,18,2084,747,1738,235,641,0
218,34,LIU Post,ECC,2017-18,29,11,18,2102,736,1773,268,719,0
219,34,LIU Post,ECC,2018-19,25,0,25,1621,587,1660,167,582,0
220,35,Mercy,ECC,2008-09,24,1,23,1334,486,1277,92,319,0
221,35,Mercy,ECC,2009-10,28,1,27,1820,657,1715,182,574,0
222,35,Mercy,ECC,2010-11,25,2,23,1673,653,1607,143,466,0
223,35,Mercy,ECC,2011-12,26,4,22,1655,646,1544,102,344,0
224,35,Mercy,ECC,2012-13,26,4,22,1790,671,1616,144,484,0
225,35,Mercy,ECC,2013-14,26,3,23,1797,634,1627,155,519,0
226,35,Mercy,ECC,2014-15,26,8,18,1844,665,1542,149,402,0
227,35,Mercy,ECC,2015-16,29,13,16,2213,797,1947,166,507,0
228,35,Mercy,ECC,2016-17,28,2,26,1936,696,1737,183,577,0
229,35,Mercy,ECC,2017-18,29,10,19,2236,821,1962,191,612,0
230,35,Mercy,ECC,2018-19,26,8,18,1831,661,1563,182,553,0
231,11,Merrimack,NE10,2008-09,29,20,9,2333,808,1865,258,777,1
232,11,Merrimack,NE10,2009-10,31,21,10,2406,843,1920,267,738,1
233,11,Merrimack,NE10,2010-11,27,13,14,1958,763,1715,198,552,0
234,11,Merrimack,NE10,2011-12,26,15,11,1771,680,1538,124,378,0
235,11,Merrimack,NE10,2012-13,27,12,15,1899,750,1698,143,421,0
236,11,Merrimack,NE10,2013-14,26,9,17,1887,676,1639,159,500,0
237,11,Merrimack,NE10,2014-15,29,17,12,2308,827,1858,267,714,0
238,11,Merrimack,NE10,2015-16,27,15,12,2252,800,1785,221,617,0
239,11,Merrimack,NE10,2016-17,31,19,12,2410,896,1949,237,693,1
240,11,Merrimack,NE10,2017-18,32,20,12,2393,890,1933,260,716,1
241,11,Merrimack,NE10,2018-19,32,22,10,2368,865,1899,277,789,1
242,39,Molloy,ECC,2008-09,24,5,19,1681,619,1509,92,314,0
243,39,Molloy,ECC,2009-10,32,13,19,2316,850,1991,159,524,0
244,39,Molloy,ECC,2010-11,26,9,17,1636,574,1352,131,400,0
245,39,Molloy,ECC,2011-12,27,8,19,1815,613,1485,141,423,0
246,39,Molloy,ECC,2012-13,28,18,10,1846,674,1666,143,486,0
247,39,Molloy,ECC,2013-14,30,17,13,2314,828,1947,175,543,0
248,39,Molloy,ECC,2014-15,29,16,13,2102,735,1761,182,556,0
249,39,Molloy,ECC,2015-16,28,9,19,2102,772,1834,198,637,0
250,39,Molloy,ECC,2016-17,29,18,11,2371,868,1790,156,467,0
251,39,Molloy,ECC,2017-18,30,9,21,2153,770,1816,207,599,0
252,39,Molloy,ECC,2018-19,31,21,10,2484,896,2102,245,687,1
253,5,New Haven,NE10,2008-09,25,7,19,1499,572,1346,134,396,0
254,5,New Haven,NE10,2009-10,27,5,22,1734,657,1532,137,469,0
255,5,New Haven,NE10,2010-11,26,8,18,1668,621,1383,212,560,0
256,5,New Haven,NE10,2011-12,28,15,13,1784,625,1502,188,557,0
257,5,New Haven,NE10,2012-13,29,20,9,1906,651,1529,207,590,1
258,5,New Haven,NE10,2013-14,30,21,9,2106,726,1652,198,602,1
259,5,New Haven,NE10,2014-15,27,15,12,1702,623,1482,187,581,0
260,5,New Haven,NE10,2015-16,26,8,18,1652,567,1360,225,650,0
261,5,New Haven,NE10,2016-17,29,15,14,2009,726,1662,204,625,0
262,5,New Haven,NE10,2017-18,27,17,10,2005,719,1505,239,649,0
263,5,New Haven,NE10,2018-19,31,21,10,2260,823,1695,267,713,1
264,22,Nyack,CACC,2008-09,30,10,20,2069,741,1789,151,421,0
265,22,Nyack,CACC,2009-10,28,15,13,2061,745,1696,195,500,0
266,22,Nyack,CACC,2010-11,25,3,22,1492,556,1461,138,442,0
267,22,Nyack,CACC,2011-12,28,1,27,1881,695,1664,146,458,0
268,22,Nyack,CACC,2012-13,25,5,20,1494,530,1377,139,455,0
269,22,Nyack,CACC,2013-14,25,10,15,1798,594,1454,149,439,0
270,22,Nyack,CACC,2014-15,26,7,19,1770,630,1548,152,497,0
271,22,Nyack,CACC,2015-16,26,11,15,1851,655,1550,176,534,0
272,22,Nyack,CACC,2016-17,26,7,19,1860,666,1538,169,519,0
273,22,Nyack,CACC,2017-18,26,7,19,1763,645,1541,216,638,0
274,22,Nyack,CACC,2018-19,27,6,21,1889,688,1660,147,506,0
275,36,NYIT,ECC,2008-09,24,13,11,1756,591,1421,194,572,0
276,36,NYIT,ECC,2009-10,32,14,18,2216,827,1848,171,500,0
277,36,NYIT,ECC,2010-11,28,13,15,1935,673,1535,199,565,0
278,36,NYIT,ECC,2011-12,26,11,15,1864,694,1603,138,392,0
279,36,NYIT,ECC,2012-13,29,19,10,2141,784,1685,139,451,0
280,36,NYIT,ECC,2013-14,26,10,16,1988,713,1628,199,585,0
281,36,NYIT,ECC,2014-15,29,14,15,2329,810,1759,254,668,0
282,36,NYIT,ECC,2015-16,26,3,23,1895,682,1663,186,631,0
283,36,NYIT,ECC,2016-17,26,8,18,2047,744,1721,154,523,0
284,36,NYIT,ECC,2017-18,30,5,25,2296,840,1964,148,513,0
285,36,NYIT,ECC,2018-19,27,3,24,1920,682,1683,199,584,0
286,6,Pace,NE10,2008-09,26,9,18,1860,638,1663,171,550,0
287,6,Pace,NE10,2009-10,29,10,19,2037,722,1742,212,607,0
288,6,Pace,NE10,2010-11,27,11,16,1830,671,1696,133,468,0
289,6,Pace,NE10,2011-12,25,11,14,1607,566,1365,134,410,0
290,6,Pace,NE10,2012-13,26,9,17,1662,602,1540,113,402,0
291,6,Pace,NE10,2013-14,26,7,19,1747,623,1552,133,439,0
292,6,Pace,NE10,2014-15,28,5,23,1686,609,1592,167,604,0
293,6,Pace,NE10,2015-16,28,9,19,1930,709,1671,173,506,0
294,6,Pace,NE10,2016-17,28,7,21,1892,699,1661,206,609,0
295,6,Pace,NE10,2017-18,28,8,20,1957,712,1658,153,502,0
296,6,Pace,NE10,2018-19,30,16,14,2117,757,1698,157,570,0
297,19,Post,CACC,2008-09,27,16,12,2099,770,1792,216,642,0
298,19,Post,CACC,2009-10,30,14,16,2296,857,1985,152,504,0
299,19,Post,CACC,2010-11,32,18,14,2255,837,2044,245,717,0
300,19,Post,CACC,2011-12,28,13,15,1908,720,1746,158,470,0
301,19,Post,CACC,2012-13,25,13,12,1831,652,1576,247,640,0
302,19,Post,CACC,2013-14,24,9,15,1799,657,1519,212,575,0
303,19,Post,CACC,2014-15,26,12,14,1834,662,1634,198,569,0
304,19,Post,CACC,2015-16,27,14,13,1978,729,1668,206,602,0
305,19,Post,CACC,2016-17,27,11,16,1831,685,1629,176,538,0
306,19,Post,CACC,2017-18,28,7,21,1923,728,1755,218,658,0
307,19,Post,CACC,2018-19,28,10,18,2251,840,2017,239,728,0
308,37,Queens (N.Y.),ECC,2008-09,27,7,20,1895,668,1639,171,552,0
309,37,Queens (N.Y.),ECC,2009-10,30,19,11,2238,799,1778,146,449,0
310,37,Queens (N.Y.),ECC,2010-11,23,17,7,1713,594,1357,152,446,0
311,37,Queens (N.Y.),ECC,2011-12,26,4,22,1611,573,1440,148,435,0
312,37,Queens (N.Y.),ECC,2012-13,27,11,16,1855,649,1568,144,483,0
313,37,Queens (N.Y.),ECC,2013-14,27,9,18,1753,616,1458,124,400,0
314,37,Queens (N.Y.),ECC,2014-15,28,7,21,1966,695,1604,251,665,0
315,37,Queens (N.Y.),ECC,2015-16,25,11,14,1821,690,1552,156,489,0
316,37,Queens (N.Y.),ECC,2016-17,26,13,13,2010,710,1551,228,604,0
317,37,Queens (N.Y.),ECC,2017-18,25,9,16,1841,643,1525,235,667,0
318,37,Queens (N.Y.),ECC,2018-19,28,7,21,1773,626,1675,202,682,0
319,33,Roberts Wesleyan,ECC,2008-09,0,0,0,0,0,0,0,0,0
320,33,Roberts Wesleyan,ECC,2009-10,0,0,0,0,0,0,0,0,0
321,33,Roberts Wesleyan,ECC,2010-11,0,0,0,0,0,0,0,0,0
322,33,Roberts Wesleyan,ECC,2011-12,0,0,0,0,0,0,0,0,0
323,33,Roberts Wesleyan,ECC,2012-13,30,8,22,1974,733,1820,181,589,0
324,33,Roberts Wesleyan,ECC,2013-14,28,13,15,1915,693,1687,166,494,0
325,33,Roberts Wesleyan,ECC,2014-15,26,10,16,1807,678,1559,164,485,0
326,33,Roberts Wesleyan,ECC,2015-16,26,8,18,2016,719,1638,260,703,0
327,33,Roberts Wesleyan,ECC,2016-17,27,3,24,2021,740,1707,184,549,0
328,33,Roberts Wesleyan,ECC,2017-18,28,14,14,2124,732,1749,211,617,0
329,33,Roberts Wesleyan,ECC,2018-19,30,16,14,2214,770,1764,227,678,0
330,12,Saint Anselm,NE10,2008-09,30,17,13,2292,810,1869,248,665,0
331,12,Saint Anselm,NE10,2009-10,32,20,12,2402,858,1905,236,628,1
332,12,Saint Anselm,NE10,2010-11,30,21,9,2270,820,1838,208,594,0
333,12,Saint Anselm,NE10,2011-12,26,12,14,1790,628,1521,183,484,0
334,12,Saint Anselm,NE10,2012-13,29,23,6,2349,862,1858,245,639,1
335,12,Saint Anselm,NE10,2013-14,29,21,8,2471,899,1900,271,695,1
336,12,Saint Anselm,NE10,2014-15,29,19,10,2396,871,1837,247,686,1
337,12,Saint Anselm,NE10,2015-16,31,23,8,2622,941,1895,293,690,1
338,12,Saint Anselm,NE10,2016-17,29,20,9,2476,873,1822,281,702,1
339,12,Saint Anselm,NE10,2017-18,31,22,9,2567,908,1874,279,723,1
340,12,Saint Anselm,NE10,2018-19,32,26,6,2638,939,1920,285,718,1
341,13,Saint Michael's,NE10,2008-09,24,10,15,1508,558,1358,137,422,0
342,13,Saint Michael's,NE10,2009-10,25,9,16,1679,619,1415,195,535,0
343,13,Saint Michael's,NE10,2010-11,28,13,15,1771,653,1548,179,530,0
344,13,Saint Michael's,NE10,2011-12,26,11,15,1717,600,1409,184,519,0
345,13,Saint Michael's,NE10,2012-13,26,8,18,1563,569,1445,192,565,0
346,13,Saint Michael's,NE10,2013-14,27,18,9,2125,755,1617,233,601,0
347,13,Saint Michael's,NE10,2014-15,30,19,11,2245,805,1825,275,723,0
348,13,Saint Michael's,NE10,2015-16,26,7,19,1844,683,1579,154,441,0
349,13,Saint Michael's,NE10,2016-17,26,5,21,2011,740,1620,162,416,0
350,13,Saint Michael's,NE10,2017-18,26,7,19,1923,686,1637,252,688,0
351,13,Saint Michael's,NE10,2018-19,26,7,19,1865,679,1623,192,527,0
352,1,Saint Rose,NE10,2008-09,28,11,17,1906,715,1630,131,413,0
353,1,Saint Rose,NE10,2009-10,28,15,13,2110,726,1565,220,543,0
354,1,Saint Rose,NE10,2010-11,31,22,9,2399,817,1821,187,496,1
355,1,Saint Rose,NE10,2011-12,25,7,18,1635,602,1410,93,304,0
356,1,Saint Rose,NE10,2012-13,29,15,14,1933,713,1657,121,380,0
357,1,Saint Rose,NE10,2013-14,26,12,14,2036,758,1644,125,372,0
358,1,Saint Rose,NE10,2014-15,28,9,19,1805,663,1581,204,600,0
359,1,Saint Rose,NE10,2015-16,27,13,14,2002,730,1541,173,479,0
360,1,Saint Rose,NE10,2016-17,34,26,8,2570,934,1948,214,549,1
361,1,Saint Rose,NE10,2017-18,31,21,10,2300,844,1805,257,682,1
362,1,Saint Rose,NE10,2018-19,27,10,17,1923,712,1574,231,609,0
363,7,So. Connecticut,NE10,2008-09,27,2,25,1579,600,1477,91,331,0
364,7,So. Connecticut,NE10,2009-10,27,2,25,1626,592,1439,102,313,0
365,7,So. Connecticut,NE10,2010-11,28,13,15,1916,693,1867,188,651,0
366,7,So. Connecticut,NE10,2011-12,26,13,13,1921,711,1628,158,523,0
367,7,So. Connecticut,NE10,2012-13,27,17,10,2029,731,1615,192,544,0
368,7,So. Connecticut,NE10,2013-14,33,30,3,2844,1032,2293,290,790,1
369,7,So. Connecticut,NE10,2014-15,32,24,8,2849,1024,2181,312,848,1
370,7,So. Connecticut,NE10,2015-16,30,22,8,2713,1023,2213,268,785,1
371,7,So. Connecticut,NE10,2016-17,31,18,13,2436,877,2002,233,698,1
372,7,So. Connecticut,NE10,2017-18,28,16,12,2121,800,1775,201,507,0
373,7,So. Connecticut,NE10,2018-19,31,19,12,2571,938,1948,319,791,0
374,14,So. New Hampshire,NE10,2008-09,32,19,13,1990,712,1677,198,567,0
375,14,So. New Hampshire,NE10,2009-10,29,14,15,1894,680,1612,146,498,0
376,14,So. New Hampshire,NE10,2010-11,26,10,16,1648,580,1461,172,568,0
377,14,So. New Hampshire,NE10,2011-12,24,10,15,1581,581,1358,165,499,0
378,14,So. New Hampshire,NE10,2012-13,30,19,11,2019,701,1688,228,655,1
379,14,So. New Hampshire,NE10,2013-14,27,16,11,1956,685,1585,210,602,0
380,14,So. New Hampshire,NE10,2014-15,32,24,8,2411,835,1811,272,733,1
381,14,So. New Hampshire,NE10,2015-16,34,23,11,2708,924,2027,278,735,1
382,14,So. New Hampshire,NE10,2016-17,30,21,9,2464,865,1825,237,632,1
383,14,So. New Hampshire,NE10,2017-18,27,15,12,2115,728,1591,212,546,0
384,14,So. New Hampshire,NE10,2018-19,26,12,14,1965,721,1565,186,529,0
385,31,St. Thomas Aquinas,ECC,2008-09,15,6,9,927,337,774,72,239,0
386,31,St. Thomas Aquinas,ECC,2009-10,30,6,24,1860,695,1609,123,404,0
387,31,St. Thomas Aquinas,ECC,2010-11,26,5,21,1529,582,1367,102,357,0
388,31,St. Thomas Aquinas,ECC,2011-12,26,9,17,1657,623,1492,121,421,0
389,31,St. Thomas Aquinas,ECC,2012-13,28,5,23,1894,656,1602,154,500,0
390,31,St. Thomas Aquinas,ECC,2013-14,29,15,14,2089,740,1699,169,486,0
391,31,St. Thomas Aquinas,ECC,2014-15,33,21,12,2475,876,1944,191,583,0
392,31,St. Thomas Aquinas,ECC,2015-16,33,28,5,2701,1035,2097,216,588,1
393,31,St. Thomas Aquinas,ECC,2016-17,34,28,6,2926,1102,2157,262,650,1
394,31,St. Thomas Aquinas,ECC,2017-18,33,26,7,2646,926,2019,228,654,1
395,31,St. Thomas Aquinas,ECC,2018-19,32,25,7,2530,890,2011,249,695,1
396,15,Stonehill,NE10,2008-09,29,21,8,1927,714,1577,158,483,1
397,15,Stonehill,NE10,2009-10,30,24,6,1994,735,1627,132,439,1
398,15,Stonehill,NE10,2010-11,31,23,8,2178,797,1753,133,433,1
399,15,Stonehill,NE10,2011-12,34,25,9,2308,801,1935,278,731,1
400,15,Stonehill,NE10,2012-13,26,11,15,1633,583,1400,208,568,0
401,15,Stonehill,NE10,2013-14,26,8,18,1861,682,1608,214,589,0
402,15,Stonehill,NE10,2014-15,29,19,10,2053,742,1659,245,656,1
403,15,Stonehill,NE10,2015-16,33,24,9,2635,928,2002,351,858,1
404,15,Stonehill,NE10,2016-17,27,15,12,2188,791,1591,240,587,0
405,15,Stonehill,NE10,2017-18,29,17,12,2267,813,1754,331,796,0
406,15,Stonehill,NE10,2018-19,29,14,15,2113,749,1663,277,724,0
407,26,USciences,CACC,2008-09,16,3,13,936,361,855,54,163,0
408,26,USciences,CACC,2009-10,16,8,8,986,343,843,92,274,0
409,26,USciences,CACC,2010-11,24,12,12,1603,581,1330,89,349,0
410,26,USciences,CACC,2011-12,24,6,19,1551,567,1292,116,379,0
411,26,USciences,CACC,2012-13,26,13,13,1681,593,1357,123,349,0
412,26,USciences,CACC,2013-14,28,17,11,1935,687,1496,125,377,0
413,26,USciences,CACC,2014-15,31,25,6,2252,828,1737,131,364,1
414,26,USciences,CACC,2015-16,29,17,12,2047,737,1701,112,332,0
415,26,USciences,CACC,2016-17,28,13,15,1864,732,1623,145,401,0
416,26,USciences,CACC,2017-18,29,16,13,1892,686,1667,111,356,0
417,26,USciences,CACC,2018-19,28,11,17,1974,693,1632,185,539,0
418,23,Wilmington (Del.),CACC,2008-09,26,6,20,1711,584,1448,91,290,0
419,23,Wilmington (Del.),CACC,2009-10,29,11,19,1856,679,1546,107,357,0
420,23,Wilmington (Del.),CACC,2010-11,25,8,17,1501,549,1331,128,445,0
421,23,Wilmington (Del.),CACC,2011-12,26,10,16,1804,662,1510,169,489,0
422,23,Wilmington (Del.),CACC,2012-13,24,6,18,1612,590,1370,119,384,0
423,23,Wilmington (Del.),CACC,2013-14,28,9,19,1970,696,1681,142,469,0
424,23,Wilmington (Del.),CACC,2014-15,31,11,20,2195,797,2000,180,575,0
425,23,Wilmington (Del.),CACC,2015-16,28,9,19,2072,765,1814,222,651,0
426,23,Wilmington (Del.),CACC,2016-17,29,19,10,2272,797,1852,222,651,0
427,23,Wilmington (Del.),CACC,2017-18,29,16,13,2153,800,1857,236,710,0
428,23,Wilmington (Del.),CACC,2018-19,29,12,17,2367,853,1924,284,771,0
